{"graph": {"_type": "graph-file", "sha256": "33039a486e52ada65052df2d6dfdadd288d486eb95753be1c2cdcce889c3b220", "size": 1361, "path": "media/graph/graph_summary_33039a486e52ada65052.graph.json"}, "epoch": 139, "_timestamp": 1678933502.9206934, "loss": 2.672853882668136e-10, "acc": 1.0, "val_loss": 0.01515798456966877, "val_acc": 0.9985119104385376, "_runtime": 52.59989643096924, "_step": 139, "best_val_loss": 0.014765886589884758, "best_epoch": 59, "_wandb": {"runtime": 52}}