{"graph": {"_type": "graph-file", "sha256": "56a652085c5ab3212a0c5a50a3549f45cf3888ca56d83816febc7ae2a36be161", "size": 1558, "path": "media/graph/graph_summary_56a652085c5ab3212a0c.graph.json"}, "epoch": 79, "_timestamp": 1678903386.1634355, "loss": 0.00010163059778278694, "acc": 1.0, "val_loss": 0.0008062839042395353, "val_acc": 1.0, "_runtime": 66.28985953330994, "_step": 79, "best_val_loss": 0.00022153610188979656, "best_epoch": 72, "_wandb": {"runtime": 64}}