{"acc": 0.9541939916141473, "loss": 0.13889456031464847, "_timestamp": 1678816472.1925864, "_runtime": 0.9518203735351562, "_step": 7, "_wandb": {"runtime": 0}}