{"graph": {"_type": "graph-file", "sha256": "9038b458948570d7644e23564934a6d5c295d28c782269ac6049856f263c0a72", "size": 2207, "path": "media/graph/graph_summary_9038b458948570d7644e.graph.json"}, "epoch": 39, "_timestamp": 1680904100.1324542, "loss": 0.050167299807071686, "acc": 0.9878649711608887, "val_loss": 0.07876870036125183, "val_acc": 0.9849989414215088, "_runtime": 359.0389070510864, "_step": 39, "best_val_loss": 0.07876870036125183, "best_epoch": 39, "_wandb": {"runtime": 360}}