{"graph": {"_type": "graph-file", "sha256": "33039a486e52ada65052df2d6dfdadd288d486eb95753be1c2cdcce889c3b220", "size": 1361, "path": "media/graph/graph_summary_33039a486e52ada65052.graph.json"}, "epoch": 39, "_timestamp": 1678932084.050156, "loss": 2.620023678900907e-06, "acc": 1.0, "val_loss": 0.012902180664241314, "val_acc": 0.9985119104385376, "_runtime": 24.42818808555603, "_step": 39, "best_val_loss": 0.009996852837502956, "best_epoch": 10, "_wandb": {"runtime": 23}}