{"graph": {"_type": "graph-file", "sha256": "33039a486e52ada65052df2d6dfdadd288d486eb95753be1c2cdcce889c3b220", "size": 1361, "path": "media/graph/graph_summary_33039a486e52ada65052.graph.json"}, "epoch": 399, "_timestamp": 1678931407.8354611, "loss": 1.0337057574361097e-06, "acc": 1.0, "val_loss": 0.011591970920562744, "val_acc": 0.9985119104385376, "_runtime": 190.5368640422821, "_step": 399, "best_val_loss": 0.0039450242184102535, "best_epoch": 83, "_wandb": {"runtime": 190}}