{"graph": {"_type": "graph-file", "sha256": "e1731ec79431e631d01874f251bcd1938c7017ee432aac6ea5f00ccc3fd03ac0", "size": 2157, "path": "media/graph/graph_summary_e1731ec79431e631d018.graph.json"}, "epoch": 29, "_timestamp": 1680901745.2395554, "loss": 0.07990680634975433, "acc": 0.9825128316879272, "val_loss": 0.10217369347810745, "val_acc": 0.9782379269599915, "_runtime": 293.8066544532776, "_step": 29, "best_val_loss": 0.10152961313724518, "best_epoch": 27, "_wandb": {"runtime": 293}}