{"graph": {"_type": "graph-file", "sha256": "ebfb8087e691e5e5fd0313b9abaf259dfbe92630f1fb5003d9194150f8301411", "size": 1407, "path": "media/graph/graph_summary_ebfb8087e691e5e5fd03.graph.json"}, "epoch": 139, "_timestamp": 1678933844.9802752, "loss": 1.759548467816785e-05, "acc": 1.0, "val_loss": 0.01247998233884573, "val_acc": 0.9985119104385376, "_runtime": 76.37760519981384, "_step": 139, "best_val_loss": 0.008398463018238544, "best_epoch": 50, "_wandb": {"runtime": 75}}