{"acc": 0.9360729139500229, "loss": 0.08660628287647446, "_timestamp": 1678816967.5078242, "_runtime": 3.8945090770721436, "_step": 7, "_wandb": {"runtime": 0}}