{"graph": {"_type": "graph-file", "sha256": "9038b458948570d7644e23564934a6d5c295d28c782269ac6049856f263c0a72", "size": 2207, "path": "media/graph/graph_summary_9038b458948570d7644e.graph.json"}, "epoch": 1, "_timestamp": 1680774435.250231, "loss": 2.0774834156036377, "acc": 0.4664829671382904, "val_loss": 1.2327781915664673, "val_acc": 0.6927952766418457, "_runtime": 20.879266023635864, "_step": 1, "best_val_loss": 1.2327781915664673, "best_epoch": 1}