{"graph": {"_type": "graph-file", "sha256": "33039a486e52ada65052df2d6dfdadd288d486eb95753be1c2cdcce889c3b220", "size": 1361, "path": "media/graph/graph_summary_33039a486e52ada65052.graph.json"}, "epoch": 139, "_timestamp": 1678933731.8336022, "loss": 1.559162465802899e-09, "acc": 1.0, "val_loss": 0.0171958077698946, "val_acc": 0.9985119104385376, "_runtime": 69.67585015296936, "_step": 139, "best_val_loss": 0.014011616818606853, "best_epoch": 69, "_wandb": {"runtime": 69}}