{"graph": {"_type": "graph-file", "sha256": "33039a486e52ada65052df2d6dfdadd288d486eb95753be1c2cdcce889c3b220", "size": 1361, "path": "media/graph/graph_summary_33039a486e52ada65052.graph.json"}, "epoch": 139, "_timestamp": 1678932632.4769647, "loss": 2.1070770017672658e-08, "acc": 1.0, "val_loss": 0.01528092660009861, "val_acc": 0.9985119104385376, "_runtime": 58.30317282676697, "_step": 139, "best_val_loss": 0.011823637410998344, "best_epoch": 22, "_wandb": {"runtime": 57}}