{"graph": {"_type": "graph-file", "sha256": "90b415cacf21cf367afb9f2c78f771ca702bef499d53ee297ec3cfb5d336d0b9", "size": 2449, "path": "media/graph/graph_summary_90b415cacf21cf367afb.graph.json"}, "epoch": 39, "_timestamp": 1680740782.626152, "loss": 0.00459273811429739, "acc": 0.9985371828079224, "val_loss": 0.16039909422397614, "val_acc": 0.9834790825843811, "_runtime": 295.92448592185974, "_step": 39, "best_val_loss": 0.08708786219358444, "best_epoch": 12, "_wandb": {"runtime": 295}}