{"graph": {"_type": "graph-file", "sha256": "33039a486e52ada65052df2d6dfdadd288d486eb95753be1c2cdcce889c3b220", "size": 1361, "path": "media/graph/graph_summary_33039a486e52ada65052.graph.json"}, "epoch": 39, "_timestamp": 1678932196.1904483, "loss": 2.598583250801312e-07, "acc": 1.0, "val_loss": 0.00938321277499199, "val_acc": 0.9985119104385376, "_runtime": 22.45802330970764, "_step": 39, "best_val_loss": 0.00938321277499199, "best_epoch": 39, "_wandb": {"runtime": 22}}