{"graph": {"_type": "graph-file", "sha256": "447e8f475a40c6d96cb47f5cf4e8b9b75e1aae683e995878815a0917f0179585", "size": 1558, "path": "media/graph/graph_summary_447e8f475a40c6d96cb4.graph.json"}, "epoch": 39, "_timestamp": 1678903262.900571, "loss": 0.006038981024175882, "acc": 0.9992526173591614, "val_loss": 0.0002790390863083303, "val_acc": 1.0, "_runtime": 37.03030705451965, "_step": 39, "best_val_loss": 0.0002790390863083303, "best_epoch": 39, "_wandb": {"runtime": 39}}