{"graph": {"_type": "graph-file", "sha256": "33039a486e52ada65052df2d6dfdadd288d486eb95753be1c2cdcce889c3b220", "size": 1361, "path": "media/graph/graph_summary_33039a486e52ada65052.graph.json"}, "epoch": 139, "_timestamp": 1678932302.2897139, "loss": 5.831113867316162e-07, "acc": 1.0, "val_loss": 0.013997809961438179, "val_acc": 0.9985119104385376, "_runtime": 62.819668769836426, "_step": 139, "best_val_loss": 0.009506414644420147, "best_epoch": 0, "_wandb": {"runtime": 62}}